Handle,Title,Body (HTML),Vendor,Type,Tags,Published,Option1 Name,Option1 Value,Variant SKU,Variant Price,Variant Compare At Price,Variant Requires Shipping,Variant Taxable,Image Src,Image Alt Text,Gift Card,Status
beard-gummies,Beard Gummies for Less Dense beard,,Man Matters,beard,"beard, male, beard, man-matters",TRUE,Title,Default Title,beard-gummies,449,499,TRUE,TRUE,https://i.mscwlns.co/media/misc/pdp_rcl/2024336/Beard%20Gummies_bbgj46.png?tr=w-600,Beard Gummies for Less Dense beard,FALSE,active
minoxbeard,Man Matters BeardGro Serum with Anagain,,Man Matters,beard,"beard, male, beard, man-matters",TRUE,Title,Default Title,minoxbeard,549,599,TRUE,TRUE,https://i.mscwlns.co/media/misc/pdp_rcl/2024153/Creative-1_dgq3vo.jpg?tr=w-600,Man Matters BeardGro Serum with Anagain,FALSE,active
beard-tonic,BeardGro Tonic (2 Month Pack),,Man Matters,beard,"beard, male, beard, man-matters",TRUE,Title,Default Title,beard-tonic,699,998,TRUE,TRUE,https://i.mscwlns.co/media/misc/pdp_rcl/26166855/Untitled__1600___1200_px___3__LdTc3FrV6.png?tr=w-600,BeardGro Tonic (2 Month Pack),FALSE,active
dermaroller,Derma Roller for Hair 1 mm,,Man Matters,hair,"hair, male, hair, man-matters",TRUE,Title,Default Title,dermaroller,299,699,TRUE,TRUE,https://i.mscwlns.co/media/misc/pdp_rcl/2023223/Old%20Derma%20roller%20%281%29_glsbdw.png?tr=w-600,Derma Roller for Hair 1 mm,FALSE,active
ketoconazole-shampoo,1% Ketoconazole Shampoo 100 ml,,Man Matters,hair,"hair, male, hair, man-matters",TRUE,Title,Default Title,ketoconazole-shampoo,299,,TRUE,TRUE,https://i.mscwlns.co/media/misc/pdp_rcl/1144207/ADS%20100%20%282%29_c8hoq7.png?tr=w-600,1% Ketoconazole Shampoo 100 ml,FALSE,active
Ketoconazole,Anti-Dandruff Shampoo (100 ml),,Man Matters,hair,"hair, male, hair, man-matters",TRUE,Title,Default Title,Ketoconazole,299,,TRUE,TRUE,https://i.mscwlns.co/media/misc/pdp_rcl/1144207/ADS_1b2kg6.png?tr=w-600,Anti-Dandruff Shampoo (100 ml),FALSE,active
massager,Scalp Massager (1N),,Man Matters,hair,"hair, male, hair, man-matters",TRUE,Title,Default Title,massager,299,499,TRUE,TRUE,https://i.mscwlns.co/media/misc/pdp_rcl/17036119/Scalp%20Massager_c7amwz.png?tr=w-600,Scalp Massager (1N),FALSE,active
hair-oil,Hair Growth Oil (100ml),,Man Matters,hair,"hair, male, hair, man-matters",TRUE,Title,Default Title,hair-oil,315,349,TRUE,TRUE,https://i.mscwlns.co/media/misc/pdp_rcl/1601/Hair%20oil_kg5vgl.png?tr=w-600,Hair Growth Oil (100ml),FALSE,active
ketoconazole-lotion,Ketopower+ Lotion,,Man Matters,hair,"hair, male, hair, man-matters",TRUE,Title,Default Title,ketoconazole-lotion,349,,TRUE,TRUE,https://i.mscwlns.co/media/misc/pdp_rcl/3526713/ketopower%2B%20lotion_47u08q.jpg?tr=w-600,Ketopower+ Lotion,FALSE,active
deep-nourishment-hair-mask,Deep Nourishment Hair Mask,,Man Matters,hair,"hair, male, hair, man-matters",TRUE,Title,Default Title,deep-nourishment-hair-mask,349,,TRUE,TRUE,https://i.mscwlns.co/mosaic-wellness/image/upload/v1626788157/Hair%20mask/Hair-mask-_1600X1200.jpg?tr=w-800,Deep Nourishment Hair Mask,FALSE,active
adl,Dandruff Removal Lotion,,Man Matters,hair,"hair, male, hair, man-matters",TRUE,Title,Default Title,adl,379,399,TRUE,TRUE,https://i.mscwlns.co/media/misc/pdp_rcl/5100216/Dandruff%20removal%20lotion_415fve.jpg?tr=w-600,Dandruff Removal Lotion,FALSE,active
nourish-hair-tablets,NOURISH Hair Tablets,,Man Matters,hair,"hair, male, hair, man-matters",TRUE,Title,Default Title,nourish-hair-tablets,399,,TRUE,TRUE,https://i.mscwlns.co/mosaic-wellness/image/upload/v1604745554/Man%20Matters/Card%20image%20change/Hair/Nourish%20Tabs/GROW-Hair-Tablets_1600X1200.jpg?tr=w-800,NOURISH Hair Tablets,FALSE,active
ahs,Anti Hair Fall Shampoo for Menn,,Man Matters,hair,"hair, male, hair, man-matters",TRUE,Title,Default Title,ahs,399,,TRUE,TRUE,https://i.mscwlns.co/mosaic-wellness/image/upload/v1604745272/Man%20Matters/Card%20image%20change/Hair/Anti%20hairfall%20shampoo/Anti-Hairfall-Shampoo_1600X1200.jpg?tr=w-800,Anti Hair Fall Shampoo for Menn,FALSE,active
hair-gummies,Biotin Hair Gummies Regular (60N),,Man Matters,hair,"hair, male, hair, man-matters",TRUE,Title,Default Title,hair-gummies,424,849,TRUE,TRUE,https://i.mscwlns.co/media/misc/others/Hair%20gummies_1ch4cw.png?tr=w-600,Biotin Hair Gummies Regular (60N),FALSE,active
hair-strength-serum,Hair Strengthening Serum 60ml,,Man Matters,hair,"hair, male, hair, man-matters",TRUE,Title,Default Title,hair-strength-serum,499,,TRUE,TRUE,https://i.mscwlns.co/media/misc/others/thumb_ctvc8p.png?tr=w-600,Hair Strengthening Serum 60ml,FALSE,active
advance-ads,Advance Daily Use Anti-Dandruff Shampoo,,Man Matters,hair,"hair, male, hair, man-matters",TRUE,Title,Default Title,advance-ads,499,549,TRUE,TRUE,https://i.mscwlns.co/media/misc/pdp_rcl/2025050/ADUS_3n9h9m.png?tr=w-600,Advance Daily Use Anti-Dandruff Shampoo,FALSE,active
advanced-hair-oil,Advanced Hair Oil,,Man Matters,hair,"hair, male, hair, man-matters",TRUE,Title,Default Title,advanced-hair-oil,499,549,TRUE,TRUE,https://i.mscwlns.co/mosaic-wellness/image/upload/v1635321873/Man%20Matters/Advanced%20Hair%20Oil/Product%20images/Advanced-Hair-Oil_1600X1200.jpg?tr=w-800,Advanced Hair Oil,FALSE,active
ads,Anti Dandruff Daily Use Shampoo,,Man Matters,hair,"hair, male, hair, man-matters",TRUE,Title,Default Title,ads,499,,TRUE,TRUE,https://i.mscwlns.co/media/misc/pdp_rcl/26166757/Daily%20Use%20ADS_79x04y.jpg?tr=w-600,Anti Dandruff Daily Use Shampoo,FALSE,active
Redensyl,Redensyl Grow Hair Tonic,,Man Matters,hair,"hair, male, hair, man-matters",TRUE,Title,Default Title,Redensyl,649,699,TRUE,TRUE,https://i.mscwlns.co/mosaic-wellness/image/upload/v1604745649/Man%20Matters/Card%20image%20change/Hair/Tonic/Grow-Hair-Tonic_1600X1200.jpg?tr=w-800,Redensyl Grow Hair Tonic,FALSE,active
ahs-serum,Advanced Hair Regrowth Serum,,Man Matters,hair,"hair, male, hair, man-matters",TRUE,Title,Default Title,ahs-serum,649,899,TRUE,TRUE,https://i.mscwlns.co/media/misc/pdp_rcl/26166956/Hair-gwoth-serum-_e46sb2.png?tr=w-600,Advanced Hair Regrowth Serum,FALSE,active
nobloat,NoBloat Gut health Blend,,Man Matters,nutrition,"energy, male, nutrition, man-matters",TRUE,Title,Default Title,nobloat,299,399,TRUE,TRUE,https://i.mscwlns.co/media/misc/pdp_rcl/2023036/Gut%20health%20%20%281%29_ayvk55.png?tr=w-600,NoBloat Gut health Blend,FALSE,active
creatine-powder,Micronised Creatine Monohydrate - Lime Flavour,,Man Matters,nutrition,"energy, male, nutrition, man-matters",TRUE,Title,Default Title,creatine-powder,549,849,TRUE,TRUE,https://i.mscwlns.co/media/misc/pdp_rcl/2025071/Creatine%20Powder%20Lemon%20125gm_5bjt7h.png?tr=w-600,Micronised Creatine Monohydrate - Lime Flavour,FALSE,active
multi-gummies,Multivitamin Gummies,,Man Matters,nutrition,"energy, male, nutrition, man-matters",TRUE,Title,Default Title,multi-gummies,549,599,TRUE,TRUE,https://i.mscwlns.co/media/misc/pdp_rcl/13410495/Multivitamin%20Gummies%20%281%29_fki1eo.png?tr=w-600,Multivitamin Gummies,FALSE,active
ashwagandha-gummies,Ashwagandha Gummies,,Man Matters,nutrition,"energy, male, nutrition, man-matters",TRUE,Title,Default Title,ashwagandha-gummies,629,699,TRUE,TRUE,https://i.mscwlns.co/media/misc/pdp_rcl/13222757/Ashwa%20Gummies%20%281%29_jjrtro.png?tr=w-600,Ashwagandha Gummies,FALSE,active
creatine-gummies,Creatine Gummies,,Man Matters,nutrition,"energy, male, nutrition, man-matters",TRUE,Title,Default Title,creatine-gummies,799,,TRUE,TRUE,https://i.mscwlns.co/media/misc/pdp_rcl/2025041/Creatine%20Gummies%20pouch_fn65ct.png?tr=w-600,Creatine Gummies,FALSE,active
magnesium-gummies,Magnesium Glycinate Gummies 60N,,Man Matters,nutrition,"energy, male, nutrition, man-matters",TRUE,Title,Default Title,magnesium-gummies,899,999,TRUE,TRUE,https://i.mscwlns.co/media/misc/pdp_rcl/2024494/Magnesium%20Gummies_br8d83.jpg?tr=w-600,Magnesium Glycinate Gummies 60N,FALSE,active
whey-protein,Whey Protein,,Man Matters,nutrition,"energy, male, nutrition, man-matters",TRUE,Title,Default Title,whey-protein,999,1499,TRUE,TRUE,https://i.mscwlns.co/media/misc/pdp/26166740/Whey-Protein-Powder_600X600__mB6ULq4bQ.png?tr=w-600,Whey Protein,FALSE,active
plant-protein,Plant Protein Powder (500 gm),,Man Matters,nutrition,"energy, male, nutrition, man-matters",TRUE,Title,Default Title,plant-protein,1299,1599,TRUE,TRUE,https://i.mscwlns.co/media/misc/pdp_rcl/6923914/Vegain_da99sw.jpg?tr=w-600,Plant Protein Powder (500 gm),FALSE,active
superblend,Super Blend - Unflavoured Base (500g),,Man Matters,nutrition,"energy, male, nutrition, man-matters",TRUE,Title,Default Title,superblend,1499,,TRUE,TRUE,https://i.mscwlns.co/media/misc/others/Super%20Blend%20Pouch-min_em4qks.png?tr=w-600,Super Blend - Unflavoured Base (500g),FALSE,active
perform-energy-booster-10-effervescent-tablets,PERFORM Energy Booster | 10 Effervescent Tablets,,Man Matters,performance,"hormones, energy, male, performance, man-matters",TRUE,Title,Default Title,perform-energy-booster-10-effervescent-tablets,333,,TRUE,TRUE,https://i.mscwlns.co/mosaic-wellness/image/upload/v1622962661/Man%20Matters/Performance%20clean%20up/eff/Effervescent-tablets---10-tabs_1600X1200.jpg?tr=w-800,PERFORM Energy Booster | 10 Effervescent Tablets,FALSE,active
endure-spray,Endure Long Last Spray (20ml),,Man Matters,performance,"hormones, energy, male, performance, man-matters",TRUE,Title,Default Title,endure-spray,349,399,TRUE,TRUE,https://i.mscwlns.co/media/misc/pdp_rcl/1626/Endure%20long%20last%20spray%20_e4n97h.png?tr=w-600,Endure Long Last Spray (20ml),FALSE,active
shilajit-gummies,Shilajit Gummies 30N,,Man Matters,performance,"hormones, energy, male, performance, man-matters",TRUE,Title,Default Title,shilajit-gummies,499,,TRUE,TRUE,https://i.mscwlns.co/media/misc/pdp_rcl/2024331/Option_e2xtu6.png?tr=w-600,Shilajit Gummies 30N,FALSE,active
tostero,TOSTERO Tablets,,Man Matters,performance,"hormones, energy, male, performance, man-matters",TRUE,Title,Default Title,tostero,599,899,TRUE,TRUE,https://i.mscwlns.co/mosaic-wellness/image/upload/v1622792157/Man%20Matters/Performance%20clean%20up/Tostero/Tostero/Tostero-Capsule_1600X1200.jpg?tr=w-800,TOSTERO Tablets,FALSE,active
perform-energy-booster-30-effervescent-tablets,PERFORM Energy Booster | 30 Effervescent Tablets,,Man Matters,performance,"hormones, energy, male, performance, man-matters",TRUE,Title,Default Title,perform-energy-booster-30-effervescent-tablets,799,999,TRUE,TRUE,https://i.mscwlns.co/mosaic-wellness/image/upload/v1624512500/Man%20Matters/Performance%20clean%20up/effervescent-tablet-1M-_1600X1200.jpg?tr=w-800,PERFORM Energy Booster | 30 Effervescent Tablets,FALSE,active
perform-tablets,PERFORM Vitality Tablets (2 months Pack),,Man Matters,performance,"hormones, energy, male, performance, man-matters",TRUE,Title,Default Title,perform-tablets,1199,1398,TRUE,TRUE,https://i.mscwlns.co/products/wp-content/2020/06/2-month-kitMob-view.jpg,PERFORM Vitality Tablets (2 months Pack),FALSE,active
perform-energy-booster-60-effervescent-tablets,PERFORM Energy Booster| 60 Effervescent Tablets,,Man Matters,performance,"hormones, energy, male, performance, man-matters",TRUE,Title,Default Title,perform-energy-booster-60-effervescent-tablets,1699,1998,TRUE,TRUE,https://i.mscwlns.co/mosaic-wellness/image/upload/v1606804095/Man%20Matters/PDP%20Filter/Effervescent%20Po3%20x2/Eff-tablets-_Pack-of-3_-x2_1600X1200.jpg?tr=w-800,PERFORM Energy Booster| 60 Effervescent Tablets,FALSE,active
facewash,Men's Face Wash for Oily Skin,,Man Matters,skin,"skin, male, skin, man-matters",TRUE,Title,Default Title,facewash,349,,TRUE,TRUE,https://i.mscwlns.co/media/misc/pdp_rcl/1182231/Saly%20open%20%281%29-compressed_3tvxc2.jpg?tr=w-600,Men's Face Wash for Oily Skin,FALSE,active
salicylic-acid-face-wash,Salicylic Acid Face Wash,,Man Matters,skin,"skin, male, skin, man-matters",TRUE,Title,Default Title,salicylic-acid-face-wash,349,,TRUE,TRUE,https://i.mscwlns.co/mosaic-wellness/image/upload/v1605070880/Man%20Matters/Card%20image%20change/Skin/face%20wash/Anti-Acne-Face-Wash_1600X1200.jpg?tr=w-800,Salicylic Acid Face Wash,FALSE,active
skin-dermaroller,Derma Roller for Skin,,Man Matters,skin,"skin, male, skin, man-matters",TRUE,Title,Default Title,skin-dermaroller,399,,TRUE,TRUE,https://i.mscwlns.co/mosaic-wellness/image/upload/v1604476909/Man%20Matters/Random/Activator-mobile.jpg?tr=w-800,Derma Roller for Skin,FALSE,active
sunscreen,Sunscreen SPF50,,Man Matters,skin,"skin, male, skin, man-matters",TRUE,Title,Default Title,sunscreen,449,,TRUE,TRUE,https://i.mscwlns.co/media/misc/others/Slide-1%20%282%29_lrqk11.jpg?tr=w-600,Sunscreen SPF50,FALSE,active
skin-cream,REJUV Under Eye Cream,,Man Matters,skin,"skin, male, skin, man-matters",TRUE,Title,Default Title,skin-cream,499,,TRUE,TRUE,https://i.mscwlns.co/media/misc/pdp_rcl/5369912/Under%20eye%20cream_5irad7.jpg?tr=w-600,REJUV Under Eye Cream,FALSE,active
skin-serum,REJUV Niacinamide Serum,,Man Matters,skin,"skin, male, skin, man-matters",TRUE,Title,Default Title,skin-serum,549,,TRUE,TRUE,https://i.mscwlns.co/media/misc/pdp_rcl/1254313/Rejuv%20face%20serum_lq9vu6.jpg?tr=w-600,REJUV Niacinamide Serum,FALSE,active
rejuv-anti-aging-oil-for-men,REJUV Anti Aging Oil For Men,,Man Matters,skin,"skin, male, skin, man-matters",TRUE,Title,Default Title,rejuv-anti-aging-oil-for-men,599,,TRUE,TRUE,https://i.mscwlns.co/mosaic-wellness/image/upload/v1604746001/Man%20Matters/Card%20image%20change/Skin/CBD%20Oil/Rejuv_Anti_Aging_Oil_1600X1200_1.jpg?tr=w-800,REJUV Anti Aging Oil For Men,FALSE,active
nourish-skin-gummies-2-month-pack-60-gummies,Nourish Skin Gummies| 2 Month Pack| 60 Gummies,,Man Matters,skin,"skin, male, skin, man-matters",TRUE,Title,Default Title,nourish-skin-gummies-2-month-pack-60-gummies,799,898,TRUE,TRUE,https://i.mscwlns.co/mosaic-wellness/image/upload/v1605071056/Man%20Matters/Card%20image%20change/Skin/Gummies%202m/Skin-Gummies-2M_1600x1200.jpg?tr=w-800,Nourish Skin Gummies| 2 Month Pack| 60 Gummies,FALSE,active
relax-melatonin-strips,Relax Melatonin Strips,,Man Matters,sleep,"sleep, male, sleep, man-matters",TRUE,Title,Default Title,relax-melatonin-strips,299,,TRUE,TRUE,https://i.mscwlns.co/mosaic-wellness/image/upload/v1604746834/Man%20Matters/Card%20image%20change/sleep/strips/Relax-Melatonin-Strips_1600X1200.jpg?tr=w-800,Relax Melatonin Strips,FALSE,active
calm-sleep-tea,CALM Sleep Tea,,Man Matters,sleep,"sleep, male, sleep, man-matters",TRUE,Title,Default Title,calm-sleep-tea,349,,TRUE,TRUE,https://i.mscwlns.co/mosaic-wellness/image/upload/v1604746889/Man%20Matters/Card%20image%20change/sleep/tea/CALM-Sleep-Tea_1600X1200.jpg?tr=w-800,CALM Sleep Tea,FALSE,active
relax-sleep-tablets,Relax Sleep Tablets,,Man Matters,sleep,"sleep, male, sleep, man-matters",TRUE,Title,Default Title,relax-sleep-tablets,399,,TRUE,TRUE,https://i.mscwlns.co/mosaic-wellness/image/upload/v1604746863/Man%20Matters/Card%20image%20change/sleep/tablets/Sleep-Tablets_1600X1200.jpg?tr=w-800,Relax Sleep Tablets,FALSE,active
relax-sleep-gummies,Relax Sleep Gummies,,Man Matters,sleep,"sleep, male, sleep, man-matters",TRUE,Title,Default Title,relax-sleep-gummies,499,,TRUE,TRUE,https://i.mscwlns.co/mosaic-wellness/image/upload/v1634812319/Man%20Matters/Relax%20Sleep%20Gummies/Product%20Images/Sleep-Gummies_1600X1200.jpg?tr=w-800,Relax Sleep Gummies,FALSE,active
lean-weight-tablets,LEAN Weight Tablets,,Man Matters,weight,"weight, male, weight, man-matters",TRUE,Title,Default Title,lean-weight-tablets,349,,TRUE,TRUE,https://i.mscwlns.co/mosaic-wellness/image/upload/v1604747048/Man%20Matters/Card%20image%20change/weight/tabs/Weight-Tablets_1600X1200.jpg?tr=w-800,LEAN Weight Tablets,FALSE,active
apple-cider-vinegar-gummies-30-gummies,Apple Cider Vinegar Gummies| 30 Gummies,,Man Matters,weight,"weight, male, weight, man-matters",TRUE,Title,Default Title,apple-cider-vinegar-gummies-30-gummies,599,,TRUE,TRUE,https://i.mscwlns.co/mosaic-wellness/image/upload/v1598394816/Man%20Matters/ACV%20Gummies/29.png?tr=w-800,Apple Cider Vinegar Gummies| 30 Gummies,FALSE,active
hair-health-gummies-xp,Biotin Hair Gummies (30),,Be Bodywise,hair,"hair, female, hair, be-bodywise",TRUE,Title,Default Title,hair-health-gummies-xp,499,,TRUE,TRUE,https://i.mscwlns.co/media/misc/pdp_rcl/hair-health-gummies/4%25AHABHARollOn%20%281%29_hk8vt2.jpg?tr=w-600,Biotin Hair Gummies (30),FALSE,active
biotin-hair-gummies-breastfeeding-moms-30n,Hair Gummies for Postpartum Hair Fall (30N),,Be Bodywise,hair,"hair, female, hair, be-bodywise",TRUE,Title,Default Title,biotin-hair-gummies-breastfeeding-moms-30n,499,,TRUE,TRUE,https://i.mscwlns.co/media/misc/pdp_rcl/biotin-hair-gummies-breastfeeding-moms-30n/4%25AHABHARollOn%20%281%29_4k112i.jpg?tr=w-600,Hair Gummies for Postpartum Hair Fall (30N),FALSE,active
hair-fall-control-shampoo,Keratin Shampoo for Hair Fall,,Be Bodywise,hair,"hair, female, hair, be-bodywise",TRUE,Title,Default Title,hair-fall-control-shampoo,499,,TRUE,TRUE,https://i.mscwlns.co/media/misc/others/AppThumbnail_KerShampoo_kfz6tt.jpg?tr=w-600,Keratin Shampoo for Hair Fall,FALSE,active
hair-strengthening-serum,Hair Strengthening Serum,,Be Bodywise,hair,"hair, female, hair, be-bodywise",TRUE,Title,Default Title,hair-strengthening-serum,499,,TRUE,TRUE,https://i.mscwlns.co/media/misc/others/AppThumbnail_HairStrenghteningSerum_100ml_3nh8dn.jpg?tr=w-600,Hair Strengthening Serum,FALSE,active
hair-growth-oil,Hair Growth Oil,,Be Bodywise,hair,"hair, female, hair, be-bodywise",TRUE,Title,Default Title,hair-growth-oil,449,,TRUE,TRUE,https://i.mscwlns.co/mosaic-wellness/image/upload/v1611808250/staging/products/hair-nourish/carousel/Hair-Oil.png?tr=w-400,Hair Growth Oil,FALSE,active
1-ketoconazole-dandruff-shampoo-250ml,1% Ketoconazole Anti-Dandruff Shampoo (250ml),,Be Bodywise,hair,"hair, female, hair, be-bodywise",TRUE,Title,Default Title,1-ketoconazole-dandruff-shampoo-250ml,499,,TRUE,TRUE,https://i.mscwlns.co/media/misc/others/AppThumbnail_KetoShampoo_Big_fyk2qa.jpg?tr=w-600,1% Ketoconazole Anti-Dandruff Shampoo (250ml),FALSE,active
hair-health-gummies-for-teens-30,Hair Health Gummies for Teens (30N),,Be Bodywise,hair,"hair, female, hair, be-bodywise",TRUE,Title,Default Title,hair-health-gummies-for-teens-30,499,699,TRUE,TRUE,https://i.mscwlns.co/media/misc/pdp_rcl/hair-health-gummies-for-teens-30/For%20%287%29_1i9gvv.png?tr=w-600,Hair Health Gummies for Teens (30N),FALSE,active
effervescent-biotin-tablets-pack-2,Effervescent Biotin Tablets - Pack of 2,,Be Bodywise,hair,"hair, female, hair, be-bodywise",TRUE,Title,Default Title,effervescent-biotin-tablets-pack-2,499,598,TRUE,TRUE,https://i.mscwlns.co/mosaic-wellness/image/upload/v1638857946/staging/products/effervescent-biotin-tablets/PACK%20OF%202/pack-of-2.png?tr=w-800,Effervescent Biotin Tablets - Pack of 2,FALSE,active
skin-health-gummies,Skin Health Gummies (30),,Be Bodywise,skin,"skin, female, skin, be-bodywise",TRUE,Title,Default Title,skin-health-gummies,499,599,TRUE,TRUE,https://i.mscwlns.co/media/misc/others/AppThumbnail_Collagen30_a08cuw.jpg?tr=w-600,Skin Health Gummies (30),FALSE,active
skin-clarifying,10% Niacinamide Serum,,Be Bodywise,skin,"skin, female, skin, be-bodywise",TRUE,Title,Default Title,skin-clarifying,599,,TRUE,TRUE,https://i.mscwlns.co/media/misc/pdp_rcl/skin-clarifying/Copy%20of%20For%20%281%29_49zo6l.png?tr=w-600,10% Niacinamide Serum,FALSE,active
acne-spot-correction,2% Salicylic Acid Gel,,Be Bodywise,skin,"skin, female, skin, be-bodywise",TRUE,Title,Default Title,acne-spot-correction,499,,TRUE,TRUE,https://i.mscwlns.co/mosaic-wellness/image/upload/v1648210350/staging/products/acne-spot-correction/0_2SAG/CAROUSEL/0_2.png?tr=w-800,2% Salicylic Acid Gel,FALSE,active
2-salicylic-acid-face-wash,2% Salicylic Acid Face Wash,,Be Bodywise,skin,"skin, female, skin, be-bodywise",TRUE,Title,Default Title,2-salicylic-acid-face-wash,299,,TRUE,TRUE,https://i.mscwlns.co/media/misc/others/AppThumbnail_SAFW_4uzp3w.jpg?tr=w-600,2% Salicylic Acid Face Wash,FALSE,active
oil-control-moisturiser,HA Moisturizer for Oily Skin,,Be Bodywise,skin,"skin, female, skin, be-bodywise",TRUE,Title,Default Title,oil-control-moisturiser,349,,TRUE,TRUE,https://i.mscwlns.co/media/misc/pdp/oil-control-moisturiser/00_1_E0P0E6yUE.png?tr=w-600,HA Moisturizer for Oily Skin,FALSE,active
retinol-cream,Retinol Cream,,Be Bodywise,skin,"skin, female, skin, be-bodywise",TRUE,Title,Default Title,retinol-cream,599,,TRUE,TRUE,https://i.mscwlns.co/mosaic-wellness/image/upload/v1613663083/staging/products/skin-regenerate-night/New%20Carousel/new_BW_night_cream_pdp.jpg?tr=w-800,Retinol Cream,FALSE,active
collagen-skin-gummies-30n,Collagen Builder Gummies,,Be Bodywise,skin,"skin, female, skin, be-bodywise",TRUE,Title,Default Title,collagen-skin-gummies-30n,549,,TRUE,TRUE,https://i.mscwlns.co/media/misc/others/AppThumbnail_Collagen30_a08cuw.jpg?tr=w-600,Collagen Builder Gummies,FALSE,active
1-salicylic-acid-facewash-deal,1% Salicylic Acid Face Wash (Foam-Based),,Be Bodywise,skin,"skin, female, skin, be-bodywise",TRUE,Title,Default Title,1-salicylic-acid-facewash-deal,199,349,TRUE,TRUE,https://i.mscwlns.co/media/misc/pdp_rcl/acne-control-wash/1_Product_Hero-1_5zd4hj.jpg?tr=w-600,1% Salicylic Acid Face Wash (Foam-Based),FALSE,active
4-aha-bha-underarm-roll-on,4% AHA BHA Underarm Roll On,,Be Bodywise,skin,"skin, female, skin, be-bodywise",TRUE,Title,Default Title,4-aha-bha-underarm-roll-on,399,,TRUE,TRUE,https://i.mscwlns.co/media/misc/others/AppThumbnail_UARO_Flora_a3aoe4.jpg?tr=w-600,4% AHA BHA Underarm Roll On,FALSE,active
1-salicylic-acid-body-wash,1% Salicylic Acid Body Wash,,Be Bodywise,skin,"skin, female, skin, be-bodywise",TRUE,Title,Default Title,1-salicylic-acid-body-wash,349,,TRUE,TRUE,https://i.mscwlns.co/media/misc/others/AppThumbnail_SABW250ml_h38n6e.jpg?tr=w-600,1% Salicylic Acid Body Wash,FALSE,active
5-lactic-acid-body-lotion,5% Lactic Acid Body Lotion,,Be Bodywise,skin,"skin, female, skin, be-bodywise",TRUE,Title,Default Title,5-lactic-acid-body-lotion,499,,TRUE,TRUE,https://i.mscwlns.co/media/misc/others/AppThumbnail_LacticLotion_3huwy8.jpg?tr=w-600,5% Lactic Acid Body Lotion,FALSE,active
apple-cider-vinegar-effervescent-tablets-pack-4,Apple Cider Vinegar Effervescent Tablets - Pack of 4,,Be Bodywise,weight,"weight, female, weight, be-bodywise",TRUE,Title,Default Title,apple-cider-vinegar-effervescent-tablets-pack-4,999,1596,TRUE,TRUE,https://i.mscwlns.co/mosaic-wellness/image/upload/v1638857826/staging/products/apple-cider-vinegar-effervescent-tablets/PACK%20OF%204/acv-pack-of-4.png?tr=w-800,Apple Cider Vinegar Effervescent Tablets - Pack of 4,FALSE,active
vegan-plant-protein-powder-women,Vegan Plant Protein Powder,,Be Bodywise,weight,"weight, female, weight, be-bodywise",TRUE,Title,Default Title,vegan-plant-protein-powder-women,1599,1998,TRUE,TRUE,https://i.mscwlns.co/mosaic-wellness/image/upload/v1626765614/staging/products/Protein/1000x750.jpg?tr=w-800,Vegan Plant Protein Powder,FALSE,active
multivitamin-gummies-bw,Multivitamin Gummies,,Be Bodywise,nutrition,"weight, female, nutrition, be-bodywise",TRUE,Title,Default Title,multivitamin-gummies-bw,799,,TRUE,TRUE,https://i.mscwlns.co/media/misc/others/AppThumbnail_MVG_grjhio.jpg?tr=w-600,Multivitamin Gummies,FALSE,active
advanced-magnesium-gummies-30n,Advanced Magnesium Gummies (30N),,Be Bodywise,sleep,"sleep, female, sleep, be-bodywise",TRUE,Title,Default Title,advanced-magnesium-gummies-30n,599,,TRUE,TRUE,https://i.mscwlns.co/media/misc/others/AppThumbnail_MG30_539nbe.jpg?tr=w-600,Advanced Magnesium Gummies (30N),FALSE,active
magnesium-glycinate-capsules-60,Magnesium Glycinate Capsules (60N),,Be Bodywise,sleep,"sleep, female, sleep, be-bodywise",TRUE,Title,Default Title,magnesium-glycinate-capsules-60,499,599,TRUE,TRUE,https://i.mscwlns.co/media/misc/pdp_rcl/magnesium-glycinate-gummies-60n/Mg%20gummies%20thumbnail_4icbpe.jpg?tr=w-600,Magnesium Glycinate Capsules (60N),FALSE,active
magnesium-glycinate-gummies-menopause,Magnesium Gummies for Perimenopause Care,,Be Bodywise,sleep,"sleep, female, sleep, be-bodywise",TRUE,Title,Default Title,magnesium-glycinate-gummies-menopause,899,999,TRUE,TRUE,https://i.mscwlns.co/media/misc/pdp_rcl/magnesium-glycinate-gummies-60n/Mg%20gummies%20thumbnail_4icbpe.jpg?tr=w-600,Magnesium Gummies for Perimenopause Care,FALSE,active
vaginal-probiotic-capsules,Vaginal Health Probiotic Capsules,,Be Bodywise,energy,"energy, female, energy, be-bodywise",TRUE,Title,Default Title,vaginal-probiotic-capsules,549,,TRUE,TRUE,https://i.mscwlns.co/media/misc/others/AppThumbnail_VaginalHealthCapsules_379xcg.jpg?tr=w-600,Vaginal Health Probiotic Capsules,FALSE,active
calcium-gummies-bw,Calcium Gummies,,Be Bodywise,nutrition,"energy, female, nutrition, be-bodywise",TRUE,Title,Default Title,calcium-gummies-bw,549,,TRUE,TRUE,https://i.mscwlns.co/media/misc/others/AppThumbnail_CalG30_3zyiku.jpg?tr=w-600,Calcium Gummies,FALSE,active
magnesium-glycinate-gummies-60n-xp2,Magnesium Glycinate Gummies (60N),,Be Bodywise,hormones,"hormones, female, hormones, be-bodywise",TRUE,Title,Default Title,magnesium-glycinate-gummies-60n-xp2,899,999,TRUE,TRUE,https://i.mscwlns.co/media/misc/others/AppThumbnail_MgGummies60N_bbpixy.jpg?tr=w-600,Magnesium Glycinate Gummies (60N),FALSE,active
advanced-magnesium-gummies-60n,Advanced Magnesium Gummies (60N),,Be Bodywise,hormones,"hormones, female, hormones, be-bodywise",TRUE,Title,Default Title,advanced-magnesium-gummies-60n,1099,1199,TRUE,TRUE,https://i.mscwlns.co/media/misc/others/AppThumbnail_MgGummies60N_bbpixy.jpg?tr=w-600,Advanced Magnesium Gummies (60N),FALSE,active
skin-health-gummies-hormones,Skin Health Gummies (30),,Be Bodywise,skin,"hormones, female, skin, be-bodywise",TRUE,Title,Default Title,skin-health-gummies-hormones,499,599,TRUE,TRUE,https://i.mscwlns.co/media/misc/others/AppThumbnail_Collagen30_a08cuw.jpg?tr=w-600,Skin Health Gummies (30),FALSE,active
multivitamin-gummies-hormones,Multivitamin Gummies,,Be Bodywise,nutrition,"hormones, female, nutrition, be-bodywise",TRUE,Title,Default Title,multivitamin-gummies-hormones,799,,TRUE,TRUE,https://i.mscwlns.co/media/misc/others/AppThumbnail_MVG_grjhio.jpg?tr=w-600,Multivitamin Gummies,FALSE,active
lj-multivitamin-gummies-mothers,Multivitamin Gummies for Mothers (30N),,Little Joys,nutrition,"energy, female, nutrition, little-joys",TRUE,Title,Default Title,lj-multivitamin-gummies-mothers,549,,TRUE,TRUE,https://i.mscwlns.co/media/misc/pdp/multivitamin-gummies-mothers/Thumbnail%20Images%20Mom%20MVG_282xiv.png?tr=w-600,Multivitamin Gummies for Mothers (30N),FALSE,active
lj-calcium-gummies-moms,Calcium Gummies for Moms,,Little Joys,nutrition,"energy, female, nutrition, little-joys",TRUE,Title,Default Title,lj-calcium-gummies-moms,549,,TRUE,TRUE,https://i.mscwlns.co/media/misc/pdp/calcium-gummies-moms/Thumbnail%20Images%20Calcium_49gd2x.png?tr=w-600,Calcium Gummies for Moms,FALSE,active
lj-magnesium-gummies-moms,Magnesium Gummies for Moms (30N),,Little Joys,sleep,"sleep, female, sleep, little-joys",TRUE,Title,Default Title,lj-magnesium-gummies-moms,649,,TRUE,TRUE,https://i.mscwlns.co/media/misc/pdp/magnesium-gummies-moms-bb/magnesium%2030N%20thumbnail_8xpdpv.jpg?tr=w-600,Magnesium Gummies for Moms (30N),FALSE,active
lj-biotin-hair-gummies-moms,Biotin Hair Gummies for Moms,,Little Joys,hair,"hair, female, hair, little-joys",TRUE,Title,Default Title,lj-biotin-hair-gummies-moms,499,549,TRUE,TRUE,https://i.mscwlns.co/media/misc/pdp/hair-health-gummies-moms/Thumbnail%20Images%20Biotin_2g6fj6.png?tr=w-600,Biotin Hair Gummies for Moms,FALSE,active
lj-nutrimix-moms,Nutrimix for Moms (400g),,Little Joys,nutrition,"energy, female, nutrition, little-joys",TRUE,Title,Default Title,lj-nutrimix-moms,599,,TRUE,TRUE,https://i.mscwlns.co/media/misc/pdp/mamamix-nutrition-powder/thumbnail_3xxd8i.png?tr=w-600,Nutrimix for Moms (400g),FALSE,active